{
  "calibration_method": "PnP",
  "court_dimensions": {
    "length_m": 23.77,
    "width_m": 8.23,
    "net_y_m": 11.885
  },
  "cam66": {
    "camera_name": "cam66",
    "image_size": [
      1920,
      1080
    ],
    "n_keypoints": 12,
    "labels_used": [
      "center_bottom",
      "center_bottom_serve",
      "center_top",
      "center_top_serve",
      "left_bottom",
      "left_bottom_serve",
      "left_top",
      "left_top_serve",
      "right_bottom",
      "right_bottom_serve",
      "right_top",
      "right_top_serve"
    ],
    "K": [
      [
        559.0515390671793,
        0.0,
        855.0080507642791
      ],
      [
        0.0,
        559.0515390671793,
        2212.7273591953394
      ],
      [
        0.0,
        0.0,
        1.0
      ]
    ],
    "dist_coeffs": [
      [
        0.000858514863671327,
        -0.002400006496539737,
        -0.07292248926825452,
        -0.01833330542518548,
        -3.766583485183291e-05
      ]
    ],
    "rvec": [
      -0.31766295898072205,
      0.04359390410970878,
      0.07387505942300888
    ],
    "tvec": [
      -1.7857549142373905,
      -28.28333359809331,
      10.73427352831999
    ],
    "R": [
      [
        0.9963540968630401,
        -0.07941104799224774,
        0.031183314785453206
      ],
      [
        0.06568737183856854,
        0.9472944709194062,
        0.31355757772132364
      ],
      [
        -0.05443971753396015,
        -0.31036602717162076,
        0.9490570300738136
      ]
    ],
    "camera_position_3d": [
      4.2215,
      29.9824,
      -1.2633
    ],
    "mean_reprojection_error_px": 3.687,
    "max_reprojection_error_px": 7.748,
    "mean_reprojection_error_m": 7.5468,
    "per_point_errors_px": {
      "center_bottom": {
        "pixel_original": [
          917.3,
          881.8
        ],
        "pixel_reprojected": [
          916.87,
          880.82
        ],
        "error_px": 1.068
      },
      "center_bottom_serve": {
        "pixel_original": [
          929.0,
          456.9
        ],
        "pixel_reprojected": [
          929.93,
          457.51
        ],
        "error_px": 1.114
      },
      "center_top": {
        "pixel_original": [
          935.3,
          58.6
        ],
        "pixel_reprojected": [
          935.6,
          58.25
        ],
        "error_px": 0.466
      },
      "center_top_serve": {
        "pixel_original": [
          934.9,
          117.0
        ],
        "pixel_reprojected": [
          935.36,
          120.29
        ],
        "error_px": 3.327
      },
      "left_bottom": {
        "pixel_original": [
          329.55,
          860.45
        ],
        "pixel_reprojected": [
          327.73,
          861.93
        ],
        "error_px": 2.343
      },
      "left_bottom_serve": {
        "pixel_original": [
          529.8,
          461.8
        ],
        "pixel_reprojected": [
          537.2,
          459.49
        ],
        "error_px": 7.748
      },
      "left_top": {
        "pixel_original": [
          760.8,
          62.4
        ],
        "pixel_reprojected": [
          755.43,
          60.3
        ],
        "error_px": 5.766
      },
      "left_top_serve": {
        "pixel_original": [
          723.9,
          121.9
        ],
        "pixel_reprojected": [
          719.57,
          123.32
        ],
        "error_px": 4.552
      },
      "right_bottom": {
        "pixel_original": [
          1507.8,
          862.3
        ],
        "pixel_reprojected": [
          1508.49,
          864.8
        ],
        "error_px": 2.596
      },
      "right_bottom_serve": {
        "pixel_original": [
          1326.9,
          457.0
        ],
        "pixel_reprojected": [
          1321.55,
          451.9
        ],
        "error_px": 7.391
      },
      "right_top": {
        "pixel_original": [
          1110.5,
          59.7
        ],
        "pixel_reprojected": [
          1114.1,
          59.57
        ],
        "error_px": 3.598
      },
      "right_top_serve": {
        "pixel_original": [
          1145.3,
          119.2
        ],
        "pixel_reprojected": [
          1149.24,
          120.87
        ],
        "error_px": 4.277
      }
    },
    "per_point_errors_world": {
      "center_bottom": {
        "world_projected": [
          4.1817,
          24.5351
        ],
        "world_true": [
          4.115,
          23.77
        ],
        "error_m": 0.768
      },
      "center_bottom_serve": {
        "world_projected": [
          4.3942,
          22.148
        ],
        "world_true": [
          4.115,
          18.285
        ],
        "error_m": 3.873
      },
      "center_top": {
        "world_projected": [
          5.0431,
          14.21
        ],
        "world_true": [
          4.115,
          0.0
        ],
        "error_m": 14.2403
      },
      "center_top_serve": {
        "world_projected": [
          4.8821,
          16.7334
        ],
        "world_true": [
          4.115,
          5.485
        ],
        "error_m": 11.2745
      },
      "left_bottom": {
        "world_projected": [
          1.8976,
          24.9555
        ],
        "world_true": [
          1.37,
          23.77
        ],
        "error_m": 1.2976
      },
      "left_bottom_serve": {
        "world_projected": [
          2.5642,
          22.9571
        ],
        "world_true": [
          1.37,
          18.285
        ],
        "error_m": 4.8223
      },
      "left_top": {
        "world_projected": [
          3.61,
          15.5602
        ],
        "world_true": [
          1.37,
          0.0
        ],
        "error_m": 15.7206
      },
      "left_top_serve": {
        "world_projected": [
          3.4084,
          18.0556
        ],
        "world_true": [
          1.37,
          5.485
        ],
        "error_m": 12.7348
      },
      "right_bottom": {
        "world_projected": [
          6.7485,
          24.2261
        ],
        "world_true": [
          6.86,
          23.77
        ],
        "error_m": 0.4695
      },
      "right_bottom_serve": {
        "world_projected": [
          6.5811,
          21.1223
        ],
        "world_true": [
          6.86,
          18.285
        ],
        "error_m": 2.851
      },
      "right_top": {
        "world_projected": [
          6.6968,
          12.84
        ],
        "world_true": [
          6.86,
          0.0
        ],
        "error_m": 12.841
      },
      "right_top_serve": {
        "world_projected": [
          6.6077,
          15.1508
        ],
        "world_true": [
          6.86,
          5.485
        ],
        "error_m": 9.669
      }
    },
    "rms_error": 4.3375,
    "H_image_to_world": [
      [
        -0.0073210967437980804,
        -0.00740706217062402,
        11.057735992297854
      ],
      [
        -0.004394928771900453,
        -0.055805666244131386,
        44.6285998872513
      ],
      [
        -0.00016420254400616326,
        -0.0016511058015637884,
        1.0
      ]
    ],
    "H_world_to_image": [
      [
        47.55486183462249,
        -28.857129427271506,
        762.0041757868684
      ],
      [
        -7.800958851077061,
        -14.64178897206511,
        739.7034851298516
      ],
      [
        -0.0050715791236671075,
        -0.0289135567817225,
        1.0
      ]
    ]
  },
  "cam68": {
    "camera_name": "cam68",
    "image_size": [
      1920,
      1080
    ],
    "n_keypoints": 12,
    "labels_used": [
      "center_bottom",
      "center_bottom_serve",
      "center_top",
      "center_top_serve",
      "left_bottom",
      "left_bottom_serve",
      "left_top",
      "left_top_serve",
      "right_bottom",
      "right_bottom_serve",
      "right_top",
      "right_top_serve"
    ],