{
  "cam66_position": [
    3.7657,
    -15.7273,
    7.4776
  ],
  "cam68_position": [
    5.8058,
    45.0351,
    10.2461
  ],
  "reprojection_error": {
    "cam66": 5.109,
    "cam68": 1.286
  },
  "baseline_m": 60.86,
  "mean_correspondence_error_m": 6.5322,
  "n_point_pairs": 4,
  "cam66_details": {
    "camera_position": [
      3.7657,
      -15.7273,
      7.4776
    ],
    "reprojection_error_px": 5.109,
    "K": [
      [
        1920,
        0,
        960
      ],
      [
        0,
        1920,
        540
      ],
      [
        0,
        0,
        1
      ]
    ],
    "R": [
      [
        0.9996829523632895,
        -0.022834713916206492,
        0.010609929056407598
      ],
      [
        0.0005428668391168467,
        -0.40173156622706496,
        -0.9157573117329417
      ],
      [
        0.025173399647484725,
        0.9154727328201065,
        -0.4015918019744349
      ]
    ],
    "rvec": [
      1.9840756394632173,
      -0.015779026404543057,
      0.025328815800169945
    ],
    "tvec": [
      -4.202970872135618,
      0.5275168768267736,
      17.306077307213247
    ]
  },
  "cam68_details": {
    "camera_position": [
      5.8058,
      45.0351,
      10.2461
    ],
    "reprojection_error_px": 1.286,
    "K": [
      [
        1920,
        0,
        960
      ],
      [
        0,
        1920,
        540
      ],
      [
        0,
        0,
        1
      ]
    ],
    "R": [
      [
        -0.998540319402812,
        0.05166783336548679,
        0.015737392485624856
      ],
      [
        0.008218121408494296,
        0.43332000069860577,
        -0.9012026628206752
      ],
      [
        -0.05338251593401682,
        -0.8997578629775217,
        -0.43311210442872394
      ]
    ],
    "rvec": [
      -0.05630984935235079,
      -2.693889848342596,
      1.6934156978872745
    ],
    "tvec": [
      3.30918322769555,
      -10.328506170973204,
      45.26836844687522
    ]
  }
}