{
  "calibration_method": "PnP",
  "court_dimensions": {
    "length_m": 23.77,
    "width_m": 8.23,
    "net_y_m": 11.885
  },
  "cam66": {
    "camera_name": "cam66",
    "image_size": [
      1920,
      1080
    ],
    "n_keypoints": 12,
    "labels_used": [
      "center_bottom",
      "center_bottom_serve",
      "center_top",
      "center_top_serve",
      "left_bottom",
      "left_bottom_serve",
      "left_top",
      "left_top_serve",
      "right_bottom",
      "right_bottom_serve",
      "right_top",
      "right_top_serve"
    ],
    "K": [
      [
        501.0627852861238,
        0.0,
        947.3562889672718
      ],
      [
        0.0,
        501.0627852861238,
        1719.1384014933642
      ],
      [
        0.0,
        0.0,
        1.0
      ]
    ],
    "dist_coeffs": [
      [
        0.043633392253218065,
        -0.0016987723054042755,
        0.026047557195910547,
        -0.007400341515317685,
        2.3842120841564065e-06
      ]
    ],
    "rvec": [
      2.889584187249489,
      0.027216291537250692,
      -0.0295165683022022
    ],
    "tvec": [
      -4.204297405177422,
      -4.285338808680586,
      2.563880898549434
    ],
    "R": [
      [
        0.9996200469990685,
        0.021081139432121258,
        -0.01775801784610795
      ],
      [
        0.0159930309994409,
        -0.96830847772424,
        -0.2492446888638068
      ],
      [
        -0.02244960126661827,
        0.24886598306640545,
        -0.9682777173287431
      ]
    ],
    "camera_position_3d": [
      4.3288,
      -4.699,
      1.3398
    ],
    "mean_reprojection_error_px": 5.11,
    "max_reprojection_error_px": 11.927,
    "mean_reprojection_error_m": 0.1059,
    "per_point_errors_px": {
      "center_bottom": {
        "pixel_original": [
          917.3,
          881.8
        ],
        "pixel_reprojected": [
          917.67,
          880.82
        ],
        "error_px": 1.044
      },
      "center_bottom_serve": {
        "pixel_original": [
          929.0,
          456.9
        ],
        "pixel_reprojected": [
          927.95,
          460.81
        ],
        "error_px": 4.046
      },
      "center_top": {
        "pixel_original": [
          935.3,
          58.6
        ],
        "pixel_reprojected": [
          935.3,
          60.2
        ],
        "error_px": 1.596
      },
      "center_top_serve": {
        "pixel_original": [
          934.9,
          117.0
        ],
        "pixel_reprojected": [
          934.38,
          120.97
        ],
        "error_px": 4.004
      },
      "left_bottom": {
        "pixel_original": [
          329.55,
          860.45
        ],
        "pixel_reprojected": [
          327.2,
          862.56
        ],
        "error_px": 3.153
      },
      "left_bottom_serve": {
        "pixel_original": [
          529.8,
          461.8
        ],
        "pixel_reprojected": [
          540.36,
          456.25
        ],
        "error_px": 11.927
      },
      "left_top": {
        "pixel_original": [
          760.8,
          62.4
        ],
        "pixel_reprojected": [
          754.85,
          61.13
        ],
        "error_px": 6.084
      },
      "left_top_serve": {
        "pixel_original": [
          723.9,
          121.9
        ],
        "pixel_reprojected": [
          719.01,
          122.0
        ],
        "error_px": 4.891
      },
      "right_bottom": {
        "pixel_original": [
          1507.8,
          862.3
        ],
        "pixel_reprojected": [
          1509.47,
          864.85
        ],
        "error_px": 3.049
      },
      "right_bottom_serve": {
        "pixel_original": [
          1326.9,
          457.0
        ],
        "pixel_reprojected": [
          1318.21,
          450.83
        ],
        "error_px": 10.662
      },
      "right_top": {
        "pixel_original": [
          1110.5,
          59.7
        ],
        "pixel_reprojected": [
          1116.17,
          59.33
        ],
        "error_px": 5.678
      },
      "right_top_serve": {
        "pixel_original": [
          1145.3,
          119.2
        ],
        "pixel_reprojected": [
          1150.48,
          118.92
        ],
        "error_px": 5.185
      }
    },
    "per_point_errors_world": {
      "center_bottom": {
        "world_projected": [
          4.1133,
          -0.0085
        ],
        "world_true": [
          4.115,
          0.0
        ],
        "error_m": 0.0087
      },
      "center_bottom_serve": {
        "world_projected": [
          4.1219,
          5.5631
        ],
        "world_true": [
          4.115,
          5.485
        ],
        "error_m": 0.0784
      },
      "center_top": {
        "world_projected": [
          4.1147,
          23.9509
        ],
        "world_true": [
          4.115,
          23.77
        ],
        "error_m": 0.1809
      },
      "center_top_serve": {
        "world_projected": [
          4.1209,
          18.5821
        ],
        "world_true": [
          4.115,
          18.285
        ],
        "error_m": 0.2972
      },
      "left_bottom": {
        "world_projected": [
          1.3751,
          0.0193
        ],
        "world_true": [
          1.37,
          0.0
        ],
        "error_m": 0.02
      },
      "left_bottom_serve": {
        "world_projected": [
          1.3175,
          5.3675
        ],
        "world_true": [
          1.37,
          5.485
        ],
        "error_m": 0.1287
      },
      "left_top": {
        "world_projected": [
          1.4719,
          23.63
        ],
        "world_true": [
          1.37,
          23.77
        ],
        "error_m": 0.1732
      },
      "left_top_serve": {
        "world_projected": [
          1.4316,
          18.2923
        ],
        "world_true": [
          1.37,
          18.285
        ],
        "error_m": 0.062
      },
      "right_bottom": {
        "world_projected": [
          6.858,
          0.0224
        ],
        "world_true": [
          6.86,
          0.0
        ],
        "error_m": 0.0225
      },
      "right_bottom_serve": {
        "world_projected": [
          6.8987,
          5.3555
        ],
        "world_true": [
          6.86,
          5.485
        ],
        "error_m": 0.1352
      },
      "right_top": {
        "world_projected": [
          6.7715,
          23.7334
        ],
        "world_true": [
          6.86,
          23.77
        ],
        "error_m": 0.0958
      },
      "right_top_serve": {
        "world_projected": [
          6.7931,
          18.2695
        ],
        "world_true": [
          6.86,
          18.285
        ],
        "error_m": 0.0686
      }
    },
    "rms_error": 5.995,
    "H_image_to_world": [
      [
        0.03552937102344037,
        0.027606461848716304,
        -28.80540852279866
      ],
      [
        -0.0013848920883053097,
        -0.06193190962708928,
        54.77627615672907
      ],
      [
        0.0004455248854863845,
        0.006253215444789907,
        1.0
      ]
    ],
    "H_world_to_image": [
      [
        187.06197869948113,
        96.07611989629092,
        125.70464001537151
      ],
      [
        -11.927410120810153,
        -22.36776075763322,
        881.648719118864
      ],
      [
        -0.008756101455149325,
        0.09706612472022638,
        1.0
      ]
    ]
  },
  "cam68": {
    "camera_name": "cam68",
    "image_size": [
      1920,
      1080
    ],
    "n_keypoints": 12,
    "labels_used": [
      "center_bottom",
      "center_bottom_serve",
      "center_top",
      "center_top_serve",
      "left_bottom",
      "left_bottom_serve",
      "left_top",
      "left_top_serve",
      "right_bottom",
      "right_bottom_serve",
      "right_top",
      "right_top_serve"
    ],