{
  "calibration_method": "laser_measured_position + DLT + solvePnP",
  "court_dimensions": {
    "length_m": 23.77,
    "singles_width_m": 5.49,
    "doubles_width_m": 8.23,
    "net_y": 11.885
  },
  "cam66": {
    "camera_name": "cam66",
    "image_size": [
      1920,
      1080
    ],
    "n_keypoints": 12,
    "labels_used": [
      "center_bottom",
      "center_bottom_serve",
      "center_top",
      "center_top_serve",
      "left_bottom",
      "left_bottom_serve",
      "left_top",
      "left_top_serve",
      "right_bottom",
      "right_bottom_serve",
      "right_top",
      "right_top_serve"
    ],
    "camera_position_3d": [
      4.446,
      29.049,
      6.83
    ],
    "camera_position_source": "laser_measurement",
    "K": [
      [
        1500.0,
        0.0,
        1184.7303771343818
      ],
      [
        0.0,
        1500.0,
        665.2232479419723
      ],
      [
        0.0,
        0.0,
        1.0
      ]
    ],
    "R": [
      [
        0.9870386747672099,
        -0.1414543222765993,
        0.07579794999245462
      ],
      [
        -0.005542480673379174,
        -0.5020777515423201,
        -0.8648047249606083
      ],
      [
        0.16038683057463254,
        0.8531756009846252,
        -0.49635416635981605
      ]
    ],
    "rvec": [
      2.0919231922646775,
      -0.10300085421537372,
      0.16549498807371268
    ],
    "tvec": [
      -0.7969673386505463,
      20.516114745107657,
      -22.10687892549965
    ],
    "dist_coeffs": [
      [
        0.0,
        0.0,
        0.0,
        0.0,
        0.0
      ]
    ],
    "P": [
      [
        1670.5731624248874,
        798.601568101469,
        -474.34893371500465,
        -27386.142014647136
      ],
      [
        98.37932735190714,
        -185.56438296164367,
        -1627.3934181163195,
        16068.162316980668
      ],
      [
        0.16038683057463254,
        0.8531756009846252,
        -0.49635416635981605,
        -22.10687892549965
      ]
    ],
    "mean_reprojection_error_px": 4449.968,
    "mean_reprojection_error_m": 97.9405,
    "max_reprojection_error_px": 17841.91,
    "per_point_errors_px": {
      "center_bottom": 1650.35,
      "center_bottom_serve": 1379.05,
      "center_top": 10402.23,
      "center_top_serve": 2355.42,
      "left_bottom": 1797.24,
      "left_bottom_serve": 1503.85,
      "left_top": 8001.19,
      "left_top_serve": 2357.38,
      "right_bottom": 1820.82,
      "right_bottom_serve": 1549.48,
      "right_top": 17841.91,
      "right_top_serve": 2740.69
    },
    "per_point_errors_world": {
      "center_bottom": 36.3229,
      "center_bottom_serve": 30.3518,
      "center_top": 228.9454,
      "center_top_serve": 51.8411,
      "left_bottom": 39.556,
      "left_bottom_serve": 33.0986,
      "left_top": 176.1002,
      "left_top_serve": 51.8842,
      "right_bottom": 40.0749,
      "right_bottom_serve": 34.103,
      "right_top": 392.6871,
      "right_top_serve": 60.3206
    }
  },
  "cam68": {
    "camera_name": "cam68",
    "image_size": [
      1920,
      1080
    ],
    "n_keypoints": 12,
    "labels_used": [
      "center_bottom",
      "center_bottom_serve",
      "center_top",
      "center_top_serve",
      "left_bottom",
      "left_bottom_serve",
      "left_top",
      "left_top_serve",
      "right_bottom",
      "right_bottom_serve",
      "right_top",
      "right_top_serve"
    ],
    "camera_position_3d": [
      4.431,
      -5.278,
      6.096
    ],
    "camera_position_source": "laser_measurement",
    "K": [
      [
        1500.0,
        0.0,
        1213.690991642913
      ],
      [
        0.0,
        1500.0,
        772.0284152261938
      ],
      [
        0.0,
        0.0,
        1.0
      ]
    ],
    "R": [
      [
        -0.9801846136514026,
        0.17501561747410863,
        0.09277745847568236
      ],
      [
        0.006796190574020922,
        0.49780617920722325,
        -0.8672616789278695
      ],
      [
        -0.19796953036952952,
        -0.8494460204058065,
        -0.4891313969292973
      ]
    ],
    "rvec": [
      -0.17534006282951664,
      -2.861504963652001,
      1.6556000355125366
    ],
    "tvec": [
      4.701359065249951,
      7.88413428816653,
      -0.6244281109534646
    ],
    "dist_coeffs": [
      [
        0.0,
        0.0,
        0.0,
        0.0,
        0.0
      ]
    ],
    "P": [
      [
        -1710.55075610638,
        -768.4415566422866,
        -454.4881824692786,
        6294.1758246821055
      ],
      [
        -142.64381693323034,
        90.91280385674293,
        -1678.515855600504,
        11344.125187327705
      ],
      [
        -0.19796953036952952,
        -0.8494460204058065,
        -0.4891313969292973,
        -0.6244281109534646
      ]
    ],
    "mean_reprojection_error_px": 3569.512,
    "mean_reprojection_error_m": 78.5623,
    "max_reprojection_error_px": 13726.84,
    "per_point_errors_px": {
      "center_bottom": 1552.95,
      "center_bottom_serve": 1238.94,
      "center_top": 7605.82,
      "center_top_serve": 2028.45,
      "left_bottom": 1769.96,
      "left_bottom_serve": 1356.27,
      "left_top": 5715.33,
      "left_top_serve": 1968.85,
      "right_bottom": 1850.82,
      "right_bottom_serve": 1490.91,
      "right_top": 13726.84,
      "right_top_serve": 2529.0
    },
    "per_point_errors_world": {
      "center_bottom": 34.1792,
      "center_bottom_serve": 27.2682,
      "center_top": 167.3984,
      "center_top_serve": 44.6446,
      "left_bottom": 38.9554,
      "left_bottom_serve": 29.8505,
      "left_top": 125.7902,
      "left_top_serve": 43.333,
      "right_bottom": 40.7352,
      "right_bottom_serve": 32.8139,
      "right_top": 302.1177,
      "right_top_serve": 55.6613
    }
  },
  "stereo": {
    "baseline_m": 34.335,
    "cam66_height_m": 6.83,
    "cam68_height_m": 6.096
  }
}