{
  "calibration_method": "PnP",
  "court_dimensions": {
    "length_m": 23.77,
    "width_m": 8.23,
    "net_y_m": 11.885
  },
  "cam66": {
    "camera_name": "cam66",
    "image_size": [
      1920,
      1080
    ],
    "n_keypoints": 12,
    "labels_used": [
      "center_bottom",
      "center_bottom_serve",
      "center_top",
      "center_top_serve",
      "left_bottom",
      "left_bottom_serve",
      "left_top",
      "left_top_serve",
      "right_bottom",
      "right_bottom_serve",
      "right_top",
      "right_top_serve"
    ],
    "K": [
      [
        1029.6125810897706,
        0.0,
        917.0098620441499
      ],
      [
        0.0,
        1029.6125810897706,
        735.0449238863324
      ],
      [
        0.0,
        0.0,
        1.0
      ]
    ],
    "dist_coeffs": [
      [
        -0.05518296259746969,
        -0.27775675745968703,
        -0.03484047938957823,
        -0.006002234901362397,
        0.14682324553324919
      ]
    ],
    "rvec": [
      2.339524090524121,
      0.01465092411863418,
      -0.03537571307286626
    ],
    "tvec": [
      -4.113398325538674,
      0.9551377432766864,
      6.944723583554694
    ],
    "R": [
      [
        0.9995459814924865,
        0.021478730439994195,
        -0.021130428791392784
      ],
      [
        -0.0002494502978771674,
        -0.6953800226391698,
        -0.718642165398675
      ],
      [
        -0.030129199404745947,
        0.7183211595470607,
        -0.69505894936343
      ]
    ],
    "camera_position_3d": [
      4.321,
      -4.236,
      5.4265
    ],
    "mean_reprojection_error_px": 0.926,
    "max_reprojection_error_px": 2.498,
    "mean_reprojection_error_m": 0.0251,
    "per_point_errors_px": {
      "center_bottom": {
        "pixel_original": [
          917.14,
          876.13
        ],
        "pixel_reprojected": [
          916.85,
          876.79
        ],
        "error_px": 0.723
      },
      "center_bottom_serve": {
        "pixel_original": [
          928.85,
          454.62
        ],
        "pixel_reprojected": [
          927.97,
          455.25
        ],
        "error_px": 1.086
      },
      "center_top": {
        "pixel_original": [
          935.9,
          60.51
        ],
        "pixel_reprojected": [
          935.99,
          60.26
        ],
        "error_px": 0.269
      },
      "center_top_serve": {
        "pixel_original": [
          934.46,
          118.74
        ],
        "pixel_reprojected": [
          934.99,
          119.26
        ],
        "error_px": 0.745
      },
      "left_bottom": {
        "pixel_original": [
          337.31,
          855.13
        ],
        "pixel_reprojected": [
          337.46,
          855.82
        ],
        "error_px": 0.713
      },
      "left_bottom_serve": {
        "pixel_original": [
          536.01,
          459.08
        ],
        "pixel_reprojected": [
          537.35,
          456.98
        ],
        "error_px": 2.498
      },
      "left_top": {
        "pixel_original": [
          763.99,
          64.44
        ],
        "pixel_reprojected": [
          762.8,
          64.37
        ],
        "error_px": 1.193
      },
      "left_top_serve": {
        "pixel_original": [
          726.69,
          123.72
        ],
        "pixel_reprojected": [
          725.69,
          124.19
        ],
        "error_px": 1.095
      },
      "right_bottom": {
        "pixel_original": [
          1500.34,
          856.81
        ],
        "pixel_reprojected": [
          1500.18,
          856.5
        ],
        "error_px": 0.347
      },
      "right_bottom_serve": {
        "pixel_original": [
          1320.38,
          453.85
        ],
        "pixel_reprojected": [
          1320.31,
          453.07
        ],
        "error_px": 0.775
      },
      "right_top": {
        "pixel_original": [
          1108.35,
          62.15
        ],
        "pixel_reprojected": [
          1108.75,
          62.6
        ],
        "error_px": 0.595
      },
      "right_top_serve": {
        "pixel_original": [
          1142.88,
          121.56
        ],
        "pixel_reprojected": [
          1143.95,
          121.65
        ],
        "error_px": 1.074
      }
    },
    "per_point_errors_world": {
      "center_bottom": {
        "world_projected": [
          4.1168,
          0.0057
        ],
        "world_true": [
          4.115,
          0.0
        ],
        "error_m": 0.006
      },
      "center_bottom_serve": {
        "world_projected": [
          4.1239,
          5.4977
        ],
        "world_true": [
          4.115,
          5.485
        ],
        "error_m": 0.0155
      },
      "center_top": {
        "world_projected": [
          4.1129,
          23.7411
        ],
        "world_true": [
          4.115,
          23.77
        ],
        "error_m": 0.0289
      },
      "center_top_serve": {
        "world_projected": [
          4.1043,
          18.3245
        ],
        "world_true": [
          4.115,
          18.285
        ],
        "error_m": 0.0409
      },
      "left_bottom": {
        "world_projected": [
          -0.0037,
          0.0064
        ],
        "world_true": [
          0.0,
          0.0
        ],
        "error_m": 0.0073
      },
      "left_bottom_serve": {
        "world_projected": [
          -0.0024,
          5.442
        ],
        "world_true": [
          0.0,
          5.485
        ],
        "error_m": 0.0431
      },
      "left_top": {
        "world_projected": [
          0.0305,
          23.756
        ],
        "world_true": [
          0.0,
          23.77
        ],
        "error_m": 0.0335
      },
      "left_top_serve": {
        "world_projected": [
          0.0145,
          18.3177
        ],
        "world_true": [
          0.0,
          18.285
        ],
        "error_m": 0.0358
      },
      "right_bottom": {
        "world_projected": [
          8.2302,
          -0.0029
        ],
        "world_true": [
          8.23,
          0.0
        ],
        "error_m": 0.0029
      },
      "right_bottom_serve": {
        "world_projected": [
          8.2267,
          5.4693
        ],
        "world_true": [
          8.23,
          5.485
        ],
        "error_m": 0.0161
      },
      "right_top": {
        "world_projected": [
          8.2269,
          23.8203
        ],
        "world_true": [
          8.23,
          23.77
        ],
        "error_m": 0.0503
      },
      "right_top_serve": {
        "world_projected": [
          8.2092,
          18.2892
        ],
        "world_true": [
          8.23,
          18.285
        ],
        "error_m": 0.0213
      }
    },
    "rms_error": 1.0772,
    "H_image_to_world": [
      [
        0.03282334200107304,
        0.018472287136801536,
        -26.275936247394867
      ],
      [
        0.00016095408905140413,
        -0.04057384330297541,
        35.519700520622344
      ],
      [
        0.0001257536427320613,
        0.004276859263573096,
        1.0
      ]
    ],
    "H_world_to_image": [
      [
        144.21255689778056,
        98.03447902789168,
        307.1646153539422
      ],
      [
        -3.2259242543965088,
        -27.067124506970238,
        876.6519763945328
      ],
      [
        -0.004338430326599718,
        0.10343408933482473,
        1.0
      ]
    ]
  },
  "cam68": {
    "camera_name": "cam68",
    "image_size": [
      1920,
      1080
    ],
    "n_keypoints": 12,
    "labels_used": [
      "center_bottom",
      "center_bottom_serve",
      "center_top",
      "center_top_serve",
      "left_bottom",
      "left_bottom_serve",
      "left_top",
      "left_top_serve",
      "right_bottom",
      "right_bottom_serve",
      "right_top",
      "right_top_serve"
    ],