{
  "court_dimensions": {
    "length_m": 23.77,
    "width_m": 8.23,
    "net_y_m": 11.885,
    "service_near_y_m": 5.484999999999999,
    "service_far_y_m": 18.285
  },
  "cam66": {
    "H_image_to_world": [
      [
        0.025401427263295803,
        0.014231701931404096,
        -19.644445179675447
      ],
      [
        -0.00019058186864782123,
        -0.03136002879988411,
        27.944653599834158
      ],
      [
        6.155916474698412e-06,
        0.003305480904149637,
        1.0
      ]
    ],
    "H_world_to_image": [
      [
        154.7311743658838,
        98.09660392375237,
        275.4745886399702
      ],
      [
        -0.4033225896646808,
        -32.144843205776255,
        886.2561985548498
      ],
      [
        0.00041865786684320406,
        0.10367829428015217,
        1.0
      ]
    ],
    "reprojection_error_m": 0.05291993723728609
  },
  "cam68": {
    "H_image_to_world": [
      [
        -0.034791488631716584,
        0.023104055167083335,
        34.87091807950891
      ],
      [
        -0.0018039968680569815,
        0.17507094490415342,
        -20.00402214088302
      ],
      [
        -0.00010861376584209188,
        0.005457384601342642,
        1.0
      ]
    ],
    "H_world_to_image": [
      [
        -47.41814014173458,
        -27.476225482927557,
        1085.980506443538
      ],
      [
        -0.9913797190797154,
        5.233519282474145,
        126.22524620776936
      ],
      [
        -0.0019164757500183978,
        -0.03080126993826018,
        1.0
      ]
    ],
    "reprojection_error_m": 0.02967055373295406
  }
}