{
  "court_dimensions": {
    "length_m": 23.77,
    "width_m": 8.23,
    "net_y_m": 11.885,
    "service_near_y_m": 5.484999999999999,
    "service_far_y_m": 18.285
  },
  "cam66": {
    "H_image_to_world": [
      [
        0.05063829783058407,
        0.028521920129858158,
        -19.605040018073773
      ],
      [
        -0.00045934613485958565,
        -0.062438089908816365,
        27.884714322869193
      ],
      [
        1.931099894501552e-06,
        0.006629162112419,
        1.0
      ]
    ],
    "H_world_to_image": [
      [
        78.76467410602116,
        49.36282228865741,
        137.98296192552053
      ],
      [
        0.3526134335000565,
        -16.167839250684736,
        443.8241365804158
      ],
      [
        0.002098320279999622,
        0.10446408376146235,
        1.0
      ]
    ],
    "reprojection_error_m": 0.06215897901602235
  },
  "cam68": {
    "H_image_to_world": [
      [
        -0.06727671981209411,
        0.04400947691805789,
        34.415853179342925
      ],
      [
        -0.005290544926752411,
        0.3377122419567599,
        -17.80822607829508
      ],
      [
        -0.0002512057868601886,
        0.010547591738397036,
        0.9999999999999999
      ]
    ],
    "H_world_to_image": [
      [
        -23.6311755291115,
        -14.096106289310942,
        552.2778209815278
      ],
      [
        -0.5951685361472229,
        2.6695425388264993,
        61.70530967589291
      ],
      [
        -0.0016287223908252957,
        -0.030884324188772072,
        1.0
      ]
    ],
    "reprojection_error_m": 0.034535210044705784
  }
}