{
  "court_dimensions": {
    "length_m": 23.77,
    "width_m": 8.23,
    "net_y_m": 11.885,
    "service_near_y_m": 5.484999999999999,
    "service_far_y_m": 18.285
  },
  "cam66": {
    "H_image_to_world": [
      [
        0.03282334200107304,
        0.018472287136801536,
        -26.275936247394867
      ],
      [
        0.00016095408905140413,
        -0.04057384330297541,
        35.519700520622344
      ],
      [
        0.0001257536427320613,
        0.004276859263573096,
        1.0
      ]
    ],
    "H_world_to_image": [
      [
        144.21255689778056,
        98.03447902789168,
        307.1646153539422
      ],
      [
        -3.2259242543965088,
        -27.067124506970238,
        876.6519763945328
      ],
      [
        -0.004338430326599718,
        0.10343408933482473,
        1.0
      ]
    ],
    "reprojection_error_m": 0.0251,
    "H_image_to_world_homography": [
      [
        0.031056674814530397,
        0.01758253838114329,
        -24.86816434308722
      ],
      [
        -5.827509674142162e-05,
        -0.03777347114896754,
        32.861493981992865
      ],
      [
        3.361852676612938e-05,
        0.004100713127651881,
        1.0
      ]
    ],
    "H_world_to_image_homography": [
      [
        146.41363567620144,
        101.94005228196696,
        302.83238465349973
      ],
      [
        -1.1281150831399356,
        -27.273807169020877,
        869.216663679109
      ],
      [
        -0.003351106610716066,
        0.10816200289032697,
        1.0
      ]
    ],
    "calibration_method": "PnP"
  },
  "cam68": {
    "H_image_to_world": [
      [
        -0.039187856926142815,
        0.02621765392281004,
        39.9895668808042
      ],
      [
        -0.00033926934559228976,
        0.20037394435323036,
        -24.92424725007821
      ],
      [
        -3.234309829768012e-06,
        0.006249225791339383,
        1.0
      ]
    ],
    "H_world_to_image": [
      [
        -45.40560770669375,
        -28.519284694623156,
        1104.9288830262294
      ],
      [
        -0.053533645843768705,
        4.979838309183363,
        126.25950859434022
      ],
      [
        0.00018768803697895788,
        -0.031212374201274345,
        1.0
      ]
    ],
    "reprojection_error_m": 0.0217,
    "H_image_to_world_homography": [
      [
        -0.03420159140860648,
        0.022444259250752815,
        34.9128187715743
      ],
      [
        -0.002533644728401823,
        0.1718835628817579,
        -18.573113839241405
      ],
      [
        -0.00011676413833858902,
        0.00536477730641053,
        0.9999999999999999
      ]
    ],
    "H_world_to_image_homography": [
      [
        -46.990172807922676,
        -28.200045311410257,
        1102.9665308970002
      ],
      [
        -1.0661708177644575,
        5.2604985584336434,
        124.97567980793136
      ],
      [
        -0.0014322600418279297,
        -0.030912841586875534,
        1.0
      ]
    ],
    "calibration_method": "PnP"
  }
}