{
  "court_dimensions": {
    "coordinate_system": "V2: origin at court center, net at y=0",
    "half_length_m": 11.89,
    "half_width_m": 4.115,
    "net_y_m": 0.0,
    "service_near_y_m": -6.4,
    "service_far_y_m": 6.4,
    "baseline_near_y_m": -11.89,
    "baseline_far_y_m": 11.89
  },
  "cam66": {
    "H_image_to_world": [
      [
        0.0306529748,
        0.000696030153,
        -28.7050134
      ],
      [
        -0.000571530598,
        -0.086442296,
        20.8724421
      ],
      [
        4.53716522e-05,
        0.00412370283,
        1.0
      ]
    ],
    "H_world_to_image": [
      [
        32.35482995027492,
        22.330887571689612,
        462.6456693956619
      ],
      [
        -0.2848020598488973,
        -5.993196220271744,
        116.91739415725064
      ],
      [
        -0.00029355303130529007,
        0.023700970950059897,
        0.4968764124338639
      ]
    ],
    "reprojection_error_m": 0.0
  },
  "cam68": {
    "H_image_to_world": [
      [
        -0.0282947478,
        0.000651429964,
        25.4639076
      ],
      [
        -0.000851018195,
        0.0964195064,
        -27.5793775
      ],
      [
        -0.000150563695,
        0.00467966888,
        1.0
      ]
    ],
    "H_world_to_image": [
      [
        -36.913190600167745,
        -19.40123898963792,
        404.8799806009172
      ],
      [
        -0.8191083947674653,
        4.004430581878241,
        131.2974031689077
      ],
      [
        -0.0017246303066604613,
        -0.021660531405993843,
        0.44653185427645165
      ]
    ],
    "reprojection_error_m": 0.0
  }
}