{
  "court_dimensions": {
    "length_m": 23.77,
    "width_m": 8.23,
    "net_y_m": 11.885,
    "service_near_y_m": 5.484999999999999,
    "service_far_y_m": 18.285
  },
  "cam66": {
    "H_image_to_world": [
      [
        0.03552937102344037,
        0.027606461848716304,
        -28.80540852279866
      ],
      [
        -0.0013848920883053097,
        -0.06193190962708928,
        54.77627615672907
      ],
      [
        0.0004455248854863845,
        0.006253215444789907,
        1.0
      ]
    ],
    "H_world_to_image": [
      [
        187.06197869948113,
        96.07611989629092,
        125.70464001537151
      ],
      [
        -11.927410120810153,
        -22.36776075763322,
        881.648719118864
      ],
      [
        -0.008756101455149325,
        0.09706612472022638,
        1.0
      ]
    ],
    "reprojection_error_m": 0.1059,
    "H_image_to_world_homography": [
      [
        0.020554034693203632,
        0.01732472270746404,
        -14.982455052547078
      ],
      [
        -1.992300485561238e-05,
        -0.03724101237468667,
        32.683546192264174
      ],
      [
        4.165923030816163e-05,
        0.004098877160293588,
        0.9999999999999999
      ]
    ],
    "H_world_to_image_homography": [
      [
        216.80341626053075,
        99.95974954661732,
        -0.2074268778407716
      ],
      [
        -2.051059992256514,
        -27.46913067795193,
        865.4824709818004
      ],
      [
        -0.006990792324128085,
        0.10615346178236477,
        1.0
      ]
    ],
    "calibration_method": "PnP"
  },
  "cam68": {
    "H_image_to_world": [
      [
        -0.025821631029417768,
        0.025486011429891493,
        27.897882357686125
      ],
      [
        0.0003853517527207905,
        0.19744144399484825,
        -25.391233194058476
      ],
      [
        1.0995225547788361e-05,
        0.006145735388606221,
        1.0
      ]
    ],
    "H_world_to_image": [
      [
        -69.20196270136398,
        -28.57569914107182,
        1205.0159737894246
      ],
      [
        0.13009466042867848,
        5.115105562357016,
        126.24947261403021
      ],
      [
        -3.863617021410419e-05,
        -0.031121889013792203,
        1.0
      ]
    ],
    "reprojection_error_m": 0.0338,
    "H_image_to_world_homography": [
      [
        -0.02246129516040757,
        0.021920610115697008,
        24.19208451516896
      ],
      [
        -0.002457315950982224,
        0.16862395078893586,
        -17.994654493595977
      ],
      [
        -0.00011515530762436007,
        0.0052674621953594115,
        1.0
      ]
    ],
    "H_world_to_image_homography": [
      [
        -71.00767406049512,
        -28.146977580921966,
        1198.623862726939
      ],
      [
        -1.5936028632261174,
        5.324182093611778,
        125.36259142623561
      ],
      [
        -0.002232273208035568,
        -0.030866673502753975,
        0.9999999999999999
      ]
    ],
    "calibration_method": "PnP"
  }
}